code,system
I25.2,icd10
I22,icd10
I21.2,icd10
I25.6,icd10
I21.3,icd10
I21.0,icd10
I21.9,icd10
I22.0,icd10
I51.5,icd10
I22.8,icd10
I22.9,icd10
I21,icd10
I21.4,icd10
I87.0,icd10
I87,icd10
I61.3,icd10
I67.2,icd10
I67.1,icd10
I69.8,icd10
I61.9,icd10
I69.4,icd10
I67.5,icd10
I67.7,icd10
I61.6,icd10
I69.2,icd10
I67.8,icd10
I63.3,icd10
I63.4,icd10
I67.0,icd10
I68.8,icd10
I67.4,icd10
I69,icd10
I61.2,icd10
I63,icd10
I69.1,icd10
I61.0,icd10
I61.8,icd10
I68.1,icd10
I67.3,icd10
I63.8,icd10
I67,icd10
I63.9,icd10
I68,icd10
I69.0,icd10
I61.1,icd10
I69.3,icd10
I67.9,icd10
I61.4,icd10
I61,icd10
I68.2,icd10
I30.0,icd10
I95.0,icd10
I37.1,icd10
I06.1,icd10
I05.1,icd10
I36.1,icd10
I07.1,icd10
I34.0,icd10
I35.1,icd10
I31.1,icd10
I31.9,icd10
I31,icd10
I31.8,icd10
I31.3,icd10
I31.2,icd10
I31.0,icd10
I77,icd10
I77.8,icd10
I77.5,icd10
I77.1,icd10
I77.9,icd10
I38.X,icd10
I15.9,icd10
I84.9,icd10
I78.9,icd10
I35.9,icd10
I70.9,icd10
I50.9,icd10
I07.9,icd10
I74.9,icd10
I87.9,icd10
I27.9,icd10
I05.9,icd10
I60.7,icd10
I95.9,icd10
I37.9,icd10
I28.9,icd10
I36.9,icd10
I13.9,icd10
I45.9,icd10
I84.8,icd10
I51.9,icd10
I60.9,icd10
I09.1,icd10
I25.9,icd10
I39.8,icd10
I99,icd10
I72.9,icd10
I08.9,icd10
I42.9,icd10
I09.9,icd10
I38,icd10
I80.9,icd10
I06.9,icd10
I34.9,icd10
I49.9,icd10
I99.X,icd10
I42.1,icd10
I42.2,icd10
I13.2,icd10
I46.1,icd10
I25.0,icd10
I51.6,icd10
I73.8,icd10
I98.0,icd10
I73,icd10
I73.1,icd10
I73.9,icd10
I73.0,icd10
I63.2,icd10
I66.9,icd10
I66.3,icd10
I66.1,icd10
I65.8,icd10
I82,icd10
I65,icd10
I66,icd10
I63.5,icd10
I82.9,icd10
I82.2,icd10
I65.2,icd10
I82.8,icd10
I65.9,icd10
I82.0,icd10
I82.3,icd10
I82.1,icd10
I66.2,icd10
I66.8,icd10
I87.2,icd10
I13,icd10
I12,icd10
I27.0,icd10
I11,icd10
I77.6,icd10
I24,icd10
I01.8,icd10
I30,icd10
I24.9,icd10
I33,icd10
I24.1,icd10
I33.9,icd10
I30.9,icd10
I01.0,icd10
I24.8,icd10
I30.8,icd10
I01.9,icd10
I01.1,icd10
I81,icd10
I81.X,icd10
I35.0,icd10
I35.2,icd10
I07.0,icd10
I05.2,icd10
I05.0,icd10
I36.0,icd10
I06.2,icd10
I37.2,icd10
I36.2,icd10
I37.0,icd10
I06.0,icd10
I07.2,icd10
I34.2,icd10
I78,icd10
I78.1,icd10
I78.0,icd10
I78.8,icd10
I23.2,icd10
I80.2,icd10
I23.4,icd10
I80.0,icd10
I23.3,icd10
I23.8,icd10
I83.2,icd10
I23.6,icd10
I23.0,icd10
I23.1,icd10
I23,icd10
I23.5,icd10
I21.1,icd10
I22.1,icd10
I27.1,icd10
I37.8,icd10
I27,icd10
I37,icd10
I26,icd10
I49.8,icd10
I49,icd10
I49.5,icd10
I39,icd10
I39.3,icd10
I39.2,icd10
I39.1,icd10
I39.0,icd10
I89.1,icd10
I97.2,icd10
I89,icd10
I89.0,icd10
I28.0,icd10
I30.1,icd10
I33.0,icd10
I52.1,icd10
I98.8,icd10
I98.1,icd10
I13.0,icd10
I79.8,icd10
I09.8,icd10
I72.8,icd10
I27.8,icd10
I87.8,icd10
I71.9,icd10
I71.8,icd10
I77.2,icd10
I85,icd10
I98.2,icd10
I11.0,icd10
I13.1,icd10
I12.0,icd10
I50.0,icd10
I50,icd10
I12.9,icd10
I11.9,icd10
I08,icd10
I08.8,icd10
I08.1,icd10
I08.0,icd10
I08.2,icd10
I39.4,icd10
I08.3,icd10
I88.8,icd10
I88.9,icd10
I88,icd10
I88.1,icd10
I88.0,icd10
I32.1,icd10
I43.0,icd10
I20,icd10
I20.1,icd10
I20.0,icd10
I20.9,icd10
I80.3,icd10
I74.4,icd10
I83.0,icd10
I74.3,icd10
I83,icd10
I72.4,icd10
I70.2,icd10
I62,icd10
I62.0,icd10
I62.1,icd10
I62.9,icd10
I51.7,icd10
I51.3,icd10
I51,icd10
I51.8,icd10
I61.5,icd10
I49.3,icd10
I47.1,icd10
I47.2,icd10
I50.1,icd10
I47.0,icd10
I45.4,icd10
I49.0,icd10
I70.8,icd10
I79,icd10
I25.1,icd10
I25,icd10
I25.3,icd10
I09.2,icd10
I25.5,icd10
I45,icd10
I45.8,icd10
I45.6,icd10
I45.5,icd10
I02,icd10
I02.9,icd10
I02.0,icd10
I43.2,icd10
I42,icd10
I42.4,icd10
I42.6,icd10
I43,icd10
I43.8,icd10
I42.8,icd10
I42.0,icd10
I43.1,icd10
I42.5,icd10
I60.4,icd10
I65.1,icd10
I70.0,icd10
I79.0,icd10
I74.1,icd10
I71.0,icd10
I06,icd10
I35,icd10
I06.8,icd10
I09,icd10
I35.8,icd10
I46.0,icd10
I46.9,icd10
I46,icd10
I45.2,icd10
I45.3,icd10
I44.6,icd10
I44.4,icd10
I42.7,icd10
I84.5,icd10
I84.4,icd10
I44.5,icd10
I64,icd10
I64.X,icd10
I74,icd10
I77.3,icd10
I74.8,icd10
I77.4,icd10
I87.1,icd10
I60.6,icd10
I67.6,icd10
I63.6,icd10
I89.9,icd10
I89.8,icd10
I48.X,icd10
I48,icd10
I70,icd10
I65.0,icd10
I60.5,icd10
I15.0,icd10
I40.9,icd10
I40.1,icd10
I40.0,icd10
I51.4,icd10
I41,icd10
I41.8,icd10
I41.1,icd10
I42.3,icd10
I40,icd10
I40.8,icd10
I41.2,icd10
I09.0,icd10
I01.2,icd10
I32.8,icd10
I32,icd10
I72.3,icd10
I74.5,icd10
I84.0,icd10
I84.7,icd10
I84.3,icd10
I84.6,icd10
I84,icd10
I83.9,icd10
I83.1,icd10
I95.2,icd10
I95.1,icd10
I95.8,icd10
I95,icd10
I51.1,icd10
I79.2,icd10
I68.0,icd10
I49.4,icd10
I49.2,icd10
I49.1,icd10
I15.8,icd10
I15.1,icd10
I15.2,icd10
I15,icd10
I51.2,icd10
I52.8,icd10
I52,icd10
I79.1,icd10
I26.9,icd10
I25.4,icd10
I26.0,icd10
I24.0,icd10
I52.0,icd10
I41.0,icd10
I32.0,icd10
I20.8,icd10
I25.8,icd10
I28.1,icd10
I28,icd10
I28.8,icd10
I00.X,icd10
I00,icd10
I80,icd10
I80.1,icd10
I80.8,icd10
I60.0,icd10
I72.0,icd10
I97,icd10
I97.0,icd10
I97.9,icd10
I97.8,icd10
I44.1,icd10
I44.0,icd10
I71.6,icd10
I71.5,icd10
I71.3,icd10
I71.4,icd10
I74.0,icd10
I86.1,icd10
I86.4,icd10
I86.2,icd10
I86.3,icd10
I86.0,icd10
I44,icd10
I44.7,icd10
I44.3,icd10
I44.2,icd10
I07,icd10
I07.8,icd10
I36.8,icd10
I36,icd10
I86,icd10
I86.8,icd10
I66.4,icd10
I65.3,icd10
I45.0,icd10
I45.1,icd10
I98,icd10
I,icd10
I72.1,icd10
I74.2,icd10
I60.1,icd10
I66.0,icd10
I47.9,icd10
I47,icd10
I05.8,icd10
I34.1,icd10
I05,icd10
I34.8,icd10
I34,icd10
I70.1,icd10
I72.2,icd10
I72,icd10
I84.1,icd10
I84.2,icd10
I85.0,icd10
I85.9,icd10
I71,icd10
I51.0,icd10
I77.0,icd10
I63.1,icd10
I63.0,icd10
I71.2,icd10
I71.1,icd10
I60.3,icd10
I60.2,icd10
I60.8,icd10
I60,icd10
I10.X,icd10
I10,icd10
I97.1,icd10
I01,icd10